Domain,Status,Attractiveness,Demand,Length,Sectors,Created,Expires,Registrar
brief.realty,available,124,19%,5,"Business,Education,General,Law",,,
second.realty,available,120,23%,6,"General,Mathematics",,,
complete.realty,available,120,21%,8,"Manufacturing,Retail,Technology",,,
wizard.realty,available,118,42%,6,"Entertainment,Media,Technology",,,
flat.realty,available,116,24%,4,"Construction,Real Estate",,,
tenth.realty,available,116,7%,5,Mathematics,,,
equal.realty,available,116,19%,5,"Education,General,Law",,,
tonic.realty,available,114,22%,5,"Health and Fitness,Medicine,Science",,,
zero.realty,available,112,49%,4,Mathematics,,,
above.realty,available,112,22%,5,Business,,,
acute.realty,available,112,9%,5,"Mathematics,Medicine,Science",,,
hotshot.realty,available,112,14%,7,"Business,Entertainment,Sports",,,
abstract.realty,available,108,29%,8,"Arts,Humanities,Science",,,
abiding.realty,available,106,5%,7,"General,Religion",,,
active.realty,available,104,27%,6,"Health and Fitness,Sports,Travel",,,
teen.realty,available,104,14%,4,"Education,Entertainment,Healthcare",,,
expert.realty,available,104,26%,6,"Business,Education,Technology",,,
absent.realty,available,102,8%,6,"Business,Education,Technology",,,
extra.realty,available,102,26%,5,"Fashion,Retail,Technology",,,
eight.realty,available,102,23%,5,"General,Mathematics",,,
captive.realty,available,102,14%,7,"Entertainment,Hospitality,Technology",,,
eighth.realty,available,100,6%,6,Mathematics,,,
whiz.realty,available,100,12%,4,"Business,Education,Technology",,,
sixth.realty,available,100,8%,5,Mathematics,,,
ninth.realty,available,100,9%,5,Mathematics,,,
remove.realty,available,100,13%,6,"Construction,Manufacturing,Technology",,,
third.realty,available,100,16%,5,Mathematics,,,
crack.realty,available,100,20%,5,Sports,,,
adjunct.realty,available,100,5%,7,Education,,,
abrupt.realty,available,100,3%,6,"Medicine,Science",,,
genius.realty,resell,98,46%,6,"Arts,Education,Technology",16/02/2025 03:12,16/02/2026 03:12,Porkbun LLC
whizz.realty,available,98,11%,5,"Business,Education,Technology",,,
alamode.realty,available,96,12%,9,Fashion,,,
doable.realty,available,96,9%,6,"Business,Education,Technology",,,
academic.realty,available,96,20%,8,"Education,Humanities,Science",,,
actual.realty,available,96,22%,6,"Real Estate,Retail,Technology",,,
forgiving.realty,available,96,3%,9,"Healthcare,Religion",,,
abject.realty,available,94,7%,6,Humanities,,,
adequate.realty,available,94,9%,8,"Education,Healthcare,Technology",,,
about.realty,available,94,28%,5,"Business,General,Media,Technology",,,
around.realty,available,94,22%,6,"Business,General,Media,Technology",,,
virtuoso.realty,available,94,16%,8,"Arts,Entertainment",,,
adept.realty,available,92,24%,5,"Education,Health and Fitness,Sports",,,
neutral.realty,available,92,20%,7,"Business,Media,Politics",,,
adjective.realty,available,92,5%,9,Education,,,
nought.realty,available,92,4%,6,Mathematics,,,
twentieth.realty,available,92,3%,9,Mathematics,,,
exemplary.realty,available,92,5%,9,"Business,Education,Healthcare",,,
abroad.realty,available,92,12%,6,"Hospitality,Travel",,,
derelict.realty,available,92,7%,8,"Construction,Real Estate",,,
leash.realty,available,90,7%,5,"General,Health and Fitness,Retail",,,
riveting.realty,available,90,6%,8,"Entertainment,Media,Technology",,,
gripping.realty,available,90,3%,8,"Entertainment,Media,Technology",,,
additional.realty,available,90,8%,10,"Fashion,Retail,Technology",,,
adoring.realty,available,90,2%,7,"Entertainment,Fashion,Retail",,,
addictive.realty,available,90,9%,9,Healthcare,,,
endearing.realty,available,90,1%,9,"Entertainment,Fashion,Retail",,,
abortive.realty,available,90,1%,8,"Medicine,Science",,,
activist.realty,available,88,12%,8,"Humanities,Politics",,,
hundred.realty,available,88,14%,7,Mathematics,,,
three.realty,available,88,24%,5,Mathematics,,,
twelve.realty,available,88,18%,6,"General,Mathematics",,,
sixteen.realty,available,88,11%,7,Mathematics,,,
actionable.realty,available,88,13%,10,"Business,Law",,,
adlib.realty,available,88,7%,6,Entertainment,,,
proficient.realty,available,88,8%,10,"Education,Health and Fitness,Sports",,,
wide.realty,available,88,18%,4,"Business,Media,Technology",,,
eleven.realty,available,88,33%,6,Mathematics,,,
fifteen.realty,available,88,13%,7,Mathematics,,,
ace.realty,resell,88,34%,3,Sports,15/02/2025 12:33,15/02/2026 12:33,Porkbun LLC
ten.realty,available,88,28%,3,"General,Mathematics",,,
recondite.realty,available,86,4%,9,"Arts,Humanities,Science",,,
engrossing.realty,available,86,0%,10,"Entertainment,Media,Technology",,,
cipher.realty,available,86,29%,6,Mathematics,,,
intent.realty,available,86,25%,6,"Business,Education,Technology",,,
xiv.realty,available,86,12%,3,Mathematics,,,
adolescent.realty,available,86,3%,10,"Education,Entertainment,Healthcare",,,
xix.realty,available,86,11%,3,Mathematics,,,
attendant.realty,available,86,5%,9,"Healthcare,Hospitality,Transportation",,,
aboriginal.realty,available,86,10%,10,Humanities,,,
extempore.realty,available,86,3%,9,Entertainment,,,
grand.realty,resell,84,25%,5,"Finance,General",15/02/2025 12:33,15/02/2026 12:33,Porkbun LLC
acting.realty,available,84,12%,6,Entertainment,,,
fourteen.realty,available,84,8%,8,Mathematics,,,
thirteen.realty,available,84,10%,8,Mathematics,,,
deviate.realty,available,84,12%,7,"Medicine,Science",,,
seventeen.realty,available,84,7%,9,Mathematics,,,
accessory.realty,available,84,8%,9,"Fashion,Retail,Technology",,,
adjustable.realty,available,84,3%,10,"Manufacturing,Retail,Technology",,,
thousand.realty,available,84,8%,8,Mathematics,,,
sharp.realty,resell,84,34%,5,"Arts,Fashion",16/02/2025 03:12,16/02/2026 03:12,Porkbun LLC
nineteen.realty,available,84,8%,8,Mathematics,,,
twentyone.realty,available,84,13%,10,Mathematics,,,
twentytwo.realty,available,84,11%,10,Mathematics,,,
abenaki.realty,available,82,2%,7,Geography,,,
fivesome.realty,available,82,1%,8,Sports,,,
absorbent.realty,available,82,3%,9,"Healthcare,Manufacturing,Retail",,,
good.realty,available,82,47%,4,"Food and Beverage,General,Health and Fitness,Retail",,,
cleansing.realty,available,82,3%,9,Health and Fitness,,,
altered.realty,available,82,9%,7,"Medicine,Science",,,
dozen.realty,available,82,10%,5,Mathematics,,,
impromptu.realty,available,82,16%,9,Entertainment,,,
enduring.realty,available,82,9%,8,"Health and Fitness,Religion",,,
abkhaz.realty,available,82,1%,6,Geography,,,
abdominal.realty,available,82,1%,9,"Health and Fitness,Medicine",,,
abroach.realty,available,82,1%,7,Food and Beverage,,,
decade.realty,available,82,10%,6,Mathematics,,,
seventh.realty,available,80,10%,7,Mathematics,,,
two.realty,available,80,24%,3,Mathematics,,,
yard.realty,available,80,26%,4,"Construction,General",,,
absurd.realty,available,80,16%,6,"Arts,Entertainment,Media",,,
abundant.realty,available,80,19%,8,"Agriculture,Manufacturing,Retail",,,
capable.realty,available,80,12%,7,"Business,Education,Technology",,,
adoptable.realty,available,80,3%,9,"Education,Healthcare",,,
superstar.realty,available,80,18%,9,Entertainment,,,
absorbable.realty,available,80,0%,10,"Healthcare,Pharmaceuticals,Science",,,
worshipful.realty,available,80,1%,10,"Education,Healthcare,Religion",,,
sequent.realty,available,80,7%,7,"Healthcare,Insurance,Transportation",,,
forty.realty,available,80,9%,5,Mathematics,,,
twenty.realty,available,80,12%,6,Mathematics,,,
dorsal.realty,available,80,6%,6,"Medicine,Science",,,
first.realty,resell,80,36%,5,"General,Mathematics",15/02/2025 12:33,15/02/2026 12:33,Porkbun LLC
absolute.realty,available,80,25%,8,"Engineering,Mathematics,Science",,,
some.realty,available,80,32%,4,"Business,Media,Retail",,,
wiz.realty,available,80,30%,3,"Business,Education,Technology",,,
nine.realty,available,80,24%,4,"General,Mathematics",,,
able.realty,available,80,29%,4,"Business,Education,General,Technology",,,
trio.realty,available,80,21%,4,Entertainment,,,
adorable.realty,available,78,8%,8,"Entertainment,Fashion,Retail",,,
abkhasian.realty,available,78,1%,9,Geography,,,
recognized.realty,available,78,3%,10,"Business,Education,Technology",,,
adrenal.realty,available,78,4%,7,"Education,Healthcare,Science",,,
adjacent.realty,available,78,9%,8,"Construction,Real Estate,Retail",,,
abkhazian.realty,available,78,1%,9,Geography,,,
accidental.realty,available,78,11%,10,"Healthcare,Insurance,Transportation",,,
accurate.realty,available,78,16%,8,"Engineering,Mathematics,Science",,,
acceptable.realty,available,78,5%,10,"Business,Hospitality,Retail",,,
abounding.realty,available,78,2%,9,Agriculture,,,
accepted.realty,available,78,6%,8,"Business,Education,Technology",,,
dormant.realty,available,78,4%,7,"Medicine,Science",,,
acceptant.realty,available,78,1%,9,"Education,Healthcare",,,
sixtynine.realty,available,78,8%,10,Mathematics,,,
twentysix.realty,available,78,8%,10,Mathematics,,,
athletic.realty,available,78,15%,8,"Health and Fitness,Sports",,,
honestly.realty,available,78,9%,8,"Business,Law",,,
low.realty,available,78,20%,3,"Business,Finance",,,
recognised.realty,available,78,3%,10,"Business,Education,Technology",,,
absorptive.realty,available,78,1%,10,"Healthcare,Manufacturing,Retail",,,
accessible.realty,available,78,21%,10,"Healthcare,Retail,Technology",,,
fourteenth.realty,available,76,1%,10,Mathematics,,,
addable.realty,available,76,2%,7,"Engineering,Mathematics,Science",,,
thousandth.realty,available,76,1%,10,Mathematics,,,
adaptive.realty,available,76,28%,8,"Business,Education,Technology",,,
adaptable.realty,available,76,9%,9,"Business,Education,Technology",,,
ague.realty,available,76,2%,4,"Geography,Medicine,Science",,,
diamond.realty,resell,76,32%,7,Fashion,16/02/2025 11:23,16/02/2026 11:23,Porkbun LLC
nineteenth.realty,available,76,3%,10,Mathematics,,,
fifteenth.realty,available,76,2%,9,Mathematics,,,
resultant.realty,available,76,2%,9,"Healthcare,Insurance,Transportation",,,
acoustic.realty,available,76,14%,8,Science,,,
thirteenth.realty,available,76,4%,10,Mathematics,,,
adhesive.realty,available,76,7%,8,"Construction,Manufacturing,Technology",,,
adipose.realty,available,76,2%,7,"Healthcare,Science",,,
firstrate.realty,available,76,6%,10,Business,,,
hundredth.realty,available,76,1%,9,Mathematics,,,
adherent.realty,available,76,4%,8,"Politics,Religion",,,
incidental.realty,available,76,4%,10,"Healthcare,Insurance,Transportation",,,
ventral.realty,available,76,3%,7,Science,,,
eighteen.realty,available,76,7%,8,Mathematics,,,
auxiliary.realty,available,76,7%,9,"Healthcare,Manufacturing,Technology",,,
improvise.realty,available,76,4%,9,Entertainment,,,
obscene.realty,available,76,5%,7,"Entertainment,Media",,,
abrasive.realty,available,76,6%,8,"Construction,Manufacturing",,,
ancillary.realty,available,76,6%,9,"Healthcare,Manufacturing,Technology",,,
energizing.realty,available,76,3%,10,"Food and Beverage,Health and Fitness,Travel",,,
threed.realty,available,76,7%,7,Technology,,,
activated.realty,available,74,9%,9,"Healthcare,Manufacturing,Technology",,,
adenoid.realty,available,74,1%,7,"Health and Fitness,Medicine,Science",,,
supra.realty,available,74,25%,5,"Medicine,Science",,,
manageable.realty,available,74,4%,10,"Business,Education,Technology",,,
acuate.realty,available,74,2%,6,"Engineering,Medicine,Science",,,
realizable.realty,available,74,1%,10,"Business,Education,Technology",,,
broad.realty,available,74,13%,5,"Entertainment,General,Media",,,
cleared.realty,available,74,7%,7,"Healthcare,Law,Transportation",,,
abnormal.realty,available,74,16%,8,"Medicine,Science",,,
mavin.realty,available,74,7%,5,"Entertainment,Fashion,Technology",,,
adrenergic.realty,available,74,1%,10,"Education,Healthcare,Science",,,
adamant.realty,available,74,14%,7,Religion,,,
accepting.realty,available,74,3%,9,"Education,Healthcare",,,
single.realty,available,74,19%,6,Sports,,,
skilful.realty,available,74,3%,7,"Education,Health and Fitness,Sports",,,
adapted.realty,available,74,6%,7,"Healthcare,Manufacturing,Technology",,,
playing.realty,available,74,12%,7,Entertainment,,,
achievable.realty,available,74,4%,10,"Business,Education,Technology",,,
sensation.realty,available,74,7%,9,"Entertainment,Media,Sports",,,
admirable.realty,available,74,5%,9,"Business,Education,Healthcare",,,
aberrant.realty,available,74,6%,8,"Medicine,Science",,,
seventieth.realty,available,72,1%,10,Mathematics,,,
abreast.realty,available,72,2%,7,"Business,Technology",,,
deep.realty,available,72,41%,4,"Engineering,Mathematics,Science",,,
ninetieth.realty,available,72,1%,9,Mathematics,,,
addicted.realty,available,72,9%,8,Healthcare,,,
lovely.realty,available,72,26%,6,"Entertainment,Fashion,Retail",,,
aching.realty,available,72,4%,6,Healthcare,,,
abloom.realty,available,72,5%,6,Agriculture,,,
accustomed.realty,available,72,1%,10,"Business,Education,Humanities",,,
liv.realty,available,72,27%,3,Mathematics,,,
ablaze.realty,available,72,6%,6,Entertainment,,,
adjectival.realty,available,72,1%,10,Education,,,
trinity.realty,available,72,18%,7,Religion,,,
eightieth.realty,available,72,1%,9,Mathematics,,,
adaptative.realty,available,72,1%,10,"Business,Education,Technology",,,
engrossed.realty,available,72,1%,9,"Entertainment,Media,Technology",,,
improvize.realty,available,72,1%,9,Entertainment,,,
absolutist.realty,available,72,1%,10,"Humanities,Law,Politics",,,
adiabatic.realty,available,72,3%,9,"Engineering,Science",,,
ternary.realty,available,72,7%,7,Mathematics,,,
adonic.realty,available,72,2%,6,"Arts,Education,Entertainment",,,
absorbed.realty,available,72,2%,8,"Entertainment,Media,Technology",,,
sixtieth.realty,available,72,1%,8,Mathematics,,,
accusative.realty,available,72,0%,10,"Humanities,Law",,,
adjunctive.realty,available,72,1%,10,"Healthcare,Manufacturing,Technology",,,
trey.realty,available,72,14%,4,Sports,,,
champion.realty,resell,72,28%,8,"Entertainment,Health and Fitness,Sports",16/02/2025 03:12,16/02/2026 03:12,Porkbun LLC
existent.realty,available,72,3%,8,"Mathematics,Science",,,
stillborn.realty,available,70,2%,9,"Medicine,Science",,,
unity.realty,available,70,40%,5,Mathematics,,,
acuminate.realty,available,70,1%,9,"Engineering,Medicine,Science",,,
accumbent.realty,available,70,1%,9,"Healthcare,Medicine,Science",,,
admired.realty,available,70,5%,7,"Business,Education,Healthcare",,,
practiced.realty,available,70,3%,9,"Education,Health and Fitness,Sports",,,
gymnastic.realty,available,70,3%,9,"Entertainment,Sports",,,
adamantine.realty,available,70,4%,10,Religion,,,
abradant.realty,available,70,1%,8,"Construction,Manufacturing",,,
lowdown.realty,available,70,6%,8,"Entertainment,Media",,,
adjusted.realty,available,70,5%,8,"Manufacturing,Retail,Technology",,,
adored.realty,available,70,6%,6,"Entertainment,Fashion,Retail",,,
absorbing.realty,available,70,3%,9,"Entertainment,Media,Technology",,,
consequent.realty,available,70,3%,10,"Business,Education,General,Technology",,,
offhand.realty,available,70,2%,7,Entertainment,,,
abulic.realty,available,70,1%,6,Medicine,,,
tiptop.realty,available,70,24%,6,Fashion,,,
recumbent.realty,available,70,2%,9,"Healthcare,Medicine,Science",,,
skillful.realty,available,70,9%,8,"Education,Health and Fitness,Sports",,,
miserable.realty,available,70,4%,9,Humanities,,,
abkhas.realty,available,68,0%,6,Geography,,,
vindicated.realty,available,68,2%,10,"Humanities,Law,Politics",,,
licenced.realty,available,68,2%,8,"Business,Healthcare,Insurance",,,
foursome.realty,available,68,4%,8,Sports,,,
scurvy.realty,available,68,3%,6,Humanities,,,
ane.realty,available,68,12%,3,Mathematics,,,
activating.realty,available,68,3%,10,"Healthcare,Manufacturing,Technology",,,
aculeate.realty,available,68,1%,8,"Engineering,Medicine,Science",,,
stygian.realty,available,68,5%,7,Humanities,,,
achaean.realty,available,68,2%,7,Humanities,,,
licensed.realty,available,68,5%,8,"Business,Healthcare,Insurance",,,
fortieth.realty,available,68,0%,8,Mathematics,,,
thirtieth.realty,available,68,1%,9,Mathematics,,,
abducent.realty,available,68,0%,8,Medicine,,,
aberdonian.realty,available,68,1%,10,Geography,,,
octonary.realty,available,68,1%,8,Mathematics,,,
acerate.realty,available,68,1%,7,Science,,,
aroused.realty,available,68,3%,7,"Entertainment,Health and Fitness",,,
ablative.realty,available,68,3%,8,Science,,,
ennead.realty,available,68,5%,6,Mathematics,,,
abnaki.realty,available,68,1%,6,Geography,,,
decorated.realty,available,68,3%,9,"Entertainment,Fashion,Retail",,,
sevener.realty,available,68,1%,7,Mathematics,,,
achaian.realty,available,68,2%,7,Humanities,,,
accredited.realty,available,68,9%,10,"Business,Education,Healthcare",,,
fiftieth.realty,available,68,0%,8,Mathematics,,,
threesome.realty,available,68,5%,9,Entertainment,,,
septenary.realty,available,68,1%,9,Mathematics,,,
disciple.realty,available,68,14%,8,"Education,Religion",,,
onec.realty,available,66,6%,5,Mathematics,,,
fifty.realty,available,66,12%,5,Mathematics,,,
tenner.realty,available,66,5%,6,Finance,,,
abstinent.realty,available,66,1%,9,"Health and Fitness,Religion",,,
acervate.realty,available,66,1%,8,Science,,,
clv.realty,available,66,10%,3,Mathematics,,,
acrobatic.realty,available,66,4%,9,"Entertainment,Sports",,,
acappella.realty,available,66,6%,10,Entertainment,,,
ninety.realty,available,66,11%,6,Mathematics,,,
thirty.realty,available,66,8%,6,Mathematics,,,
six.realty,available,66,26%,3,Mathematics,,,
eighty.realty,available,66,6%,6,Mathematics,,,
maven.realty,available,66,30%,5,"Entertainment,Fashion,Technology",,,
adorned.realty,available,66,5%,7,"Entertainment,Fashion,Retail",,,
four.realty,available,66,27%,4,Mathematics,,,
xxi.realty,available,66,10%,3,Mathematics,,,
teenager.realty,available,66,4%,8,"Education,Entertainment,Healthcare",,,
xvii.realty,available,66,5%,4,Mathematics,,,
accessary.realty,available,66,1%,9,"Business,Law,Technology",,,
century.realty,available,66,17%,7,Education,,,
exonerated.realty,available,66,2%,10,"Humanities,Law,Politics",,,
xiii.realty,available,66,9%,4,Mathematics,,,
xviii.realty,available,66,5%,5,Mathematics,,,
xii.realty,available,66,10%,3,Mathematics,,,
xxv.realty,available,66,6%,3,Mathematics,,,
sextet.realty,available,66,1%,6,Entertainment,,,
latest.realty,available,66,18%,6,Technology,,,
according.realty,available,66,3%,9,"Business,Education,Technology",,,
modish.realty,available,66,5%,6,Fashion,,,
deuce.realty,available,66,9%,5,Sports,,,
buzzing.realty,available,66,7%,7,"Entertainment,Media,Technology",,,
performing.realty,available,66,6%,10,Entertainment,,,
five.realty,available,66,26%,4,Mathematics,,,
xvi.realty,available,66,5%,3,Mathematics,,,
xxvi.realty,available,66,3%,4,Mathematics,,,
xxii.realty,available,66,6%,4,Mathematics,,,
adopted.realty,available,66,4%,7,"Education,Healthcare",,,
absolved.realty,available,64,1%,8,"Humanities,Law,Religion",,,
nondrinker.realty,available,64,1%,10,"Health and Fitness,Religion",,,
accordant.realty,available,64,3%,9,"Arts,Entertainment",,,
ccc.realty,available,64,38%,3,Mathematics,,,
aflame.realty,available,64,3%,6,Entertainment,,,
rising.realty,available,64,18%,6,"Construction,Manufacturing,Real Estate",,,
astringent.realty,available,64,1%,10,"Healthcare,Pharmaceuticals",,,
deviant.realty,available,64,12%,7,"Medicine,Science",,,
adagio.realty,available,64,14%,6,Entertainment,,,
scatty.realty,available,64,1%,6,"Arts,Entertainment,Media",,,
acentric.realty,available,64,2%,8,Science,,,
activation.realty,available,62,16%,10,"Healthcare,Manufacturing,Technology",,,
aborigine.realty,available,62,1%,9,Humanities,,,
cumulative.realty,available,62,2%,10,"Banking,Finance,Insurance",,,
acidic.realty,available,62,5%,6,"Food and Beverage,Science",,,
adoptive.realty,available,62,1%,8,"Education,Healthcare",,,
nail.realty,available,62,16%,4,"Construction,Fashion,General,Retail",,,
fortyfour.realty,available,62,6%,10,Mathematics,,,
quartet.realty,available,62,7%,7,"Arts,Entertainment",,,
exculpated.realty,available,62,1%,10,"Humanities,Law,Politics",,,
troika.realty,available,62,8%,6,Politics,,,
activistic.realty,available,62,1%,10,"Humanities,Politics",,,
eighteenth.realty,available,62,1%,10,Mathematics,,,
roughly.realty,available,62,3%,7,"Business,Media,Technology",,,
abo.realty,available,62,15%,3,Science,,,
admissible.realty,available,62,1%,10,"Education,Healthcare,Law",,,
ensuant.realty,available,62,1%,7,"Healthcare,Insurance,Transportation",,,
wrapped.realty,available,62,13%,7,"Fashion,Hospitality,Retail",,,
twodozen.realty,available,62,1%,9,Mathematics,,,
pungent.realty,available,62,1%,7,Food and Beverage,,,
accusing.realty,available,62,1%,8,Law,,,
chiliad.realty,available,62,2%,7,Mathematics,,,
sixteenth.realty,available,62,1%,9,Mathematics,,,
adjuvant.realty,available,62,5%,8,"Healthcare,Manufacturing,Technology",,,
accrued.realty,available,62,2%,7,"Banking,Finance,Insurance",,,
eleventh.realty,available,62,5%,8,Mathematics,,,
aufait.realty,available,62,3%,7,"Fashion,Media",,,
playacting.realty,available,62,1%,10,Entertainment,,,
orso.realty,available,62,9%,5,"Business,Media,Technology",,,
longdozen.realty,available,62,2%,10,Mathematics,,,
cxx.realty,available,60,10%,3,Mathematics,,,
xcl.realty,available,60,5%,3,Mathematics,,,
abstemious.realty,available,60,0%,10,"Food and Beverage,Health and Fitness,Hospitality",,,
abstainer.realty,available,60,0%,9,"Health and Fitness,Religion",,,
acceptive.realty,available,60,1%,9,"Education,Healthcare",,,
cxl.realty,available,60,7%,3,Mathematics,,,
abashed.realty,available,60,1%,7,Humanities,,,
idolized.realty,available,60,3%,8,"Entertainment,Fashion,Retail",,,
tertiary.realty,available,60,4%,8,Education,,,
cxv.realty,available,60,4%,3,Mathematics,,,
thou.realty,available,60,7%,4,Mathematics,,,
eightysix.realty,available,60,7%,10,Mathematics,,,
adnexal.realty,available,60,1%,7,"Agriculture,Manufacturing,Retail",,,
clxxx.realty,available,60,1%,5,Mathematics,,,
cxxx.realty,available,60,4%,4,Mathematics,,,
paunchy.realty,available,60,0%,7,"Health and Fitness,Medicine",,,
aboveboard.realty,available,60,5%,10,"Business,Law",,,
clxx.realty,available,60,3%,4,Mathematics,,,
sixty.realty,available,60,13%,5,Mathematics,,,
cxlv.realty,available,60,2%,4,Mathematics,,,
cxxxv.realty,available,60,2%,5,Mathematics,,,
cxxv.realty,available,60,1%,4,Mathematics,,,
octet.realty,available,60,12%,5,Arts,,,
clxv.realty,available,60,1%,4,Mathematics,,,
cautionary.realty,available,60,1%,10,"Business,Education,Healthcare",,,
clxxv.realty,available,60,1%,5,Mathematics,,,
adnate.realty,available,60,1%,6,"Agriculture,Manufacturing,Retail",,,
idolised.realty,available,60,1%,8,"Entertainment,Fashion,Retail",,,
annexal.realty,available,60,1%,7,"Agriculture,Manufacturing,Retail",,,
clx.realty,available,60,10%,3,Mathematics,,,
tercet.realty,available,59,2%,6,"Arts,Entertainment,Media",,,
alacarte.realty,available,58,11%,10,Food and Beverage,,,
abridged.realty,available,58,4%,8,Media,,,
lxxviii.realty,available,58,1%,7,Mathematics,,,
centesimal.realty,available,58,1%,10,Mathematics,,,
heptad.realty,available,58,1%,6,Mathematics,,,
tetrad.realty,available,58,5%,6,Mathematics,,,
seven.realty,available,58,36%,5,Mathematics,,,
adient.realty,available,58,4%,6,"Medicine,Science",,,
seventy.realty,available,58,7%,7,Mathematics,,,
quintet.realty,available,58,8%,7,"Arts,Entertainment",,,
ache.realty,available,58,7%,4,Healthcare,,,
enwrapped.realty,available,58,0%,9,"Entertainment,Fashion,Media",,,
offhanded.realty,available,58,1%,9,Entertainment,,,
abused.realty,available,58,5%,6,"Healthcare,Law",,,
octad.realty,available,58,5%,5,Mathematics,,,
pentad.realty,available,58,2%,6,Mathematics,,,
accoutred.realty,available,58,1%,9,"Fashion,Manufacturing,Retail",,,
sextuplet.realty,available,58,1%,9,Healthcare,,,
adhoc.realty,available,58,24%,6,"Business,Engineering,Technology",,,
addressed.realty,available,58,3%,9,"Business,Technology,Telecommunications",,,
accretive.realty,available,58,6%,9,"Banking,Finance,Insurance",,,
aucourant.realty,available,58,3%,10,"Fashion,Media",,,
acyclic.realty,available,58,4%,7,"Engineering,Mathematics,Science",,,
acetic.realty,available,58,1%,6,"Food and Beverage,Science",,,
fourscore.realty,available,58,4%,9,Mathematics,,,
lxxx.realty,available,58,2%,4,Mathematics,,,
abuzz.realty,available,58,5%,5,"Entertainment,Media,Technology",,,
niner.realty,available,58,5%,5,Mathematics,,,
fifth.realty,available,58,12%,5,Mathematics,,,
sixer.realty,available,58,5%,5,Sports,,,
hexad.realty,available,58,4%,5,Mathematics,,,
adjustive.realty,available,58,1%,9,"Manufacturing,Retail,Technology",,,
fourth.realty,available,58,13%,6,Mathematics,,,
accented.realty,available,58,3%,8,"Arts,Entertainment",,,
closeto.realty,available,58,3%,8,"Business,Media,Technology",,,
linear.realty,available,58,22%,6,"Engineering,Mathematics,Science",,,
justabout.realty,available,58,3%,10,"Business,Media,Technology",,,
actuarial.realty,available,58,8%,9,"Finance,Insurance,Mathematics",,,
cypher.realty,available,58,29%,6,Mathematics,,,
abandoned.realty,available,58,10%,9,"Construction,Real Estate",,,
eighter.realty,available,58,2%,7,Mathematics,,,
twelfth.realty,available,58,2%,7,Mathematics,,,
sixtyone.realty,available,58,3%,9,Mathematics,,,
addible.realty,available,58,2%,7,"Engineering,Mathematics,Science",,,
ilx.realty,available,56,5%,3,Mathematics,,,
aone.realty,available,56,15%,5,Food and Beverage,,,
lvii.realty,available,56,1%,4,Mathematics,,,
admittible.realty,available,56,1%,10,"Education,Healthcare,Hospitality",,,
lviii.realty,available,56,1%,5,Mathematics,,,
fortynine.realty,available,56,3%,10,Mathematics,,,
fiftyfive.realty,available,56,7%,10,Mathematics,,,
xli.realty,available,56,5%,3,Mathematics,,,
fiftyone.realty,available,56,7%,9,Mathematics,,,
lvi.realty,available,56,8%,3,Mathematics,,,
maledict.realty,available,56,1%,8,Religion,,,
halfdozen.realty,available,56,1%,10,Mathematics,,,
thirtysix.realty,available,56,5%,10,Mathematics,,,
xlv.realty,available,56,6%,3,Mathematics,,,
accoutered.realty,available,56,0%,10,"Fashion,Manufacturing,Retail",,,
xxxv.realty,available,56,4%,4,Mathematics,,,
xxxviii.realty,available,56,1%,7,Mathematics,,,
xlvi.realty,available,56,3%,4,Mathematics,,,
potbellied.realty,available,56,0%,10,"Health and Fitness,Medicine",,,
xxxvi.realty,available,56,1%,5,Mathematics,,,
abeyant.realty,available,56,1%,7,"Business,Law",,,
xxvii.realty,available,56,3%,5,Mathematics,,,
triad.realty,available,56,15%,5,Arts,,,
fiftytwo.realty,available,56,6%,9,Mathematics,,,
terzetto.realty,available,56,3%,8,Arts,,,
addled.realty,available,56,2%,6,Entertainment,,,
xxviii.realty,available,56,1%,6,Mathematics,,,
xliii.realty,available,56,1%,5,Mathematics,,,
xlvii.realty,available,56,2%,5,Mathematics,,,
admissive.realty,available,56,1%,9,"Education,Healthcare,Hospitality",,,
fortysix.realty,available,56,3%,9,Mathematics,,,
fiftynine.realty,available,56,4%,10,Mathematics,,,
xxxii.realty,available,56,1%,5,Mathematics,,,
admittable.realty,available,56,1%,10,"Education,Healthcare,Hospitality",,,
fiftysix.realty,available,56,4%,9,Mathematics,,,
fiftyfour.realty,available,56,3%,10,Mathematics,,,
abdominous.realty,available,56,0%,10,"Health and Fitness,Medicine",,,
xlii.realty,available,56,5%,4,Mathematics,,,
appressed.realty,available,56,0%,9,"Agriculture,Manufacturing,Retail",,,
xxxi.realty,available,56,9%,4,Mathematics,,,
thirtyone.realty,available,56,5%,10,Mathematics,,,
thirtytwo.realty,available,56,5%,10,Mathematics,,,
xxxiii.realty,available,56,2%,6,Mathematics,,,
xxxiv.realty,available,56,1%,5,Mathematics,,,
xxiii.realty,available,56,5%,5,Mathematics,,,
lii.realty,available,56,7%,3,Mathematics,,,
xxix.realty,available,56,4%,4,Mathematics,,,
fortyone.realty,available,56,4%,9,Mathematics,,,
xliv.realty,available,56,2%,4,Mathematics,,,
liii.realty,available,56,4%,4,Mathematics,,,
xlviii.realty,available,56,1%,6,Mathematics,,,
xxxvii.realty,available,56,2%,6,Mathematics,,,
fortytwo.realty,available,56,17%,9,Mathematics,,,
xxiv.realty,available,56,5%,4,Mathematics,,,
abatable.realty,available,54,1%,8,Law,,,
quaternity.realty,available,54,4%,10,Mathematics,,,
actuated.realty,available,54,2%,8,"Automotive,Manufacturing,Technology",,,
achromatic.realty,available,54,4%,10,Science,,,
quaternion.realty,available,54,6%,10,Mathematics,,,
abasic.realty,available,54,1%,6,Science,,,
abaxial.realty,available,54,1%,7,Science,,,
iii.realty,available,54,24%,3,Mathematics,,,
abatic.realty,available,54,1%,6,Science,,,
ternion.realty,available,54,3%,7,Mathematics,,,
unnatural.realty,available,54,4%,9,"Medicine,Science",,,
deuceace.realty,available,54,2%,9,Sports,,,
acoustical.realty,available,54,4%,10,Science,,,
scratchy.realty,available,54,3%,8,Fashion,,,
monitory.realty,available,54,3%,8,"Business,Education,Healthcare",,,
fortyfive.realty,available,54,4%,10,Mathematics,,,
adducting.realty,available,54,1%,9,"Engineering,Mathematics,Science",,,
adjuratory.realty,available,54,0%,10,"Law,Politics,Religion",,,
topnotch.realty,available,54,18%,8,Business,,,
achy.realty,available,54,3%,4,Healthcare,,,
vii.realty,available,54,13%,3,Mathematics,,,
adaxial.realty,available,54,2%,7,Science,,,
abducens.realty,available,54,1%,8,Medicine,,,
fin.realty,available,54,30%,3,Finance,,,
sise.realty,available,54,5%,4,Mathematics,,,
quadruplet.realty,available,54,1%,10,"Healthcare,Medicine,Science",,,
adductive.realty,available,54,0%,9,"Engineering,Mathematics,Science",,,
aboral.realty,available,54,2%,6,Science,,,
accursed.realty,available,54,3%,8,"Entertainment,Media,Religion",,,
adducent.realty,available,54,1%,8,"Engineering,Mathematics,Science",,,
adpressed.realty,available,54,0%,9,"Agriculture,Manufacturing,Retail",,,
viii.realty,available,54,6%,4,Mathematics,,,
quatern.realty,available,54,2%,7,Mathematics,,,
abhorrent.realty,available,54,1%,9,Humanities,,,
threescore.realty,available,54,1%,10,Mathematics,,,
twoscore.realty,available,54,2%,8,Mathematics,,,
quintuplet.realty,available,54,1%,10,"Healthcare,Medicine,Science",,,
admonitory.realty,available,54,0%,10,"Business,Education,Healthcare",,,
accentual.realty,available,54,3%,9,"Arts,Entertainment",,,
deserted.realty,available,54,3%,8,"Hospitality,Real Estate",,,
abient.realty,available,54,1%,6,Science,,,
xxx.realty,available,53,30%,3,"Arts,Entertainment,Media",,,
septet.realty,available,53,1%,6,General,,,
sestet.realty,available,53,1%,6,Arts,,,
ixl.realty,available,52,9%,3,Mathematics,,,
eightytwo.realty,available,52,4%,10,Mathematics,,,
xci.realty,available,52,4%,3,Mathematics,,,
lxi.realty,available,52,5%,3,Mathematics,,,
littlejoe.realty,available,52,2%,10,"Entertainment,Media",,,
sixtysix.realty,available,52,4%,9,Mathematics,,,
lxii.realty,available,52,1%,4,Mathematics,,,
lxxxiv.realty,available,52,1%,6,Mathematics,,,
lxv.realty,available,52,5%,3,Mathematics,,,
tierce.realty,available,52,3%,6,General,,,
lxxvi.realty,available,52,1%,5,Mathematics,,,
lxxxvii.realty,available,52,1%,7,Mathematics,,,
odious.realty,available,52,2%,6,"Entertainment,Humanities",,,
abstruse.realty,available,52,5%,8,"Humanities,Mathematics,Science",,,
lxxvii.realty,available,52,2%,6,Mathematics,,,
lxvi.realty,available,52,3%,4,Mathematics,,,
ninetysix.realty,available,52,4%,10,Mathematics,,,
lxxxv.realty,available,52,1%,5,Mathematics,,,
xcii.realty,available,52,2%,4,Mathematics,,,
xcvii.realty,available,52,1%,5,Mathematics,,,
eightyone.realty,available,52,3%,10,Mathematics,,,
lxxiii.realty,available,52,1%,6,Mathematics,,,
xciv.realty,available,52,2%,4,Mathematics,,,
lxxxvi.realty,available,52,1%,6,Mathematics,,,
detestable.realty,available,52,1%,10,Humanities,,,
repulsive.realty,available,52,1%,9,Humanities,,,
ixc.realty,available,52,5%,3,Mathematics,,,
aboulic.realty,available,52,1%,7,Medicine,,,
uphill.realty,available,52,7%,6,"Sports,Transportation,Travel",,,
ablated.realty,available,52,1%,7,Science,,,
repugnant.realty,available,52,1%,9,Humanities,,,
abysmal.realty,available,52,4%,7,"Arts,Entertainment,Media",,,
lxvii.realty,available,52,1%,5,Mathematics,,,
xcvi.realty,available,52,2%,4,Mathematics,,,
xcv.realty,available,52,7%,3,Mathematics,,,
abusive.realty,available,52,3%,7,"Healthcare,Law",,,
ninetytwo.realty,available,52,4%,10,Mathematics,,,
sixtyfour.realty,available,52,3%,10,Mathematics,,,
decumbent.realty,available,52,1%,9,"Healthcare,Medicine,Science",,,
lxviii.realty,available,52,1%,6,Mathematics,,,
abominable.realty,available,52,2%,10,"Entertainment,Humanities",,,
lxxiv.realty,available,52,1%,5,Mathematics,,,
lxxxii.realty,available,52,1%,6,Mathematics,,,
sixtytwo.realty,available,52,3%,9,Mathematics,,,
lxxi.realty,available,52,1%,4,Mathematics,,,
chagrined.realty,available,52,1%,9,Humanities,,,
sixtyfive.realty,available,52,3%,10,Mathematics,,,
lxxv.realty,available,52,1%,4,Mathematics,,,
adenoidal.realty,available,52,1%,9,"Health and Fitness,Medicine,Science",,,
lxiii.realty,available,52,2%,5,Mathematics,,,
lxxxiii.realty,available,52,1%,7,Mathematics,,,
xciii.realty,available,52,1%,5,Mathematics,,,
lxxii.realty,available,52,1%,5,Mathematics,,,
ninetyone.realty,available,52,5%,10,Mathematics,,,
lxxxi.realty,available,52,1%,5,Mathematics,,,
lxiv.realty,available,52,3%,4,Mathematics,,,
xcviii.realty,available,52,1%,6,Mathematics,,,
abdicable.realty,available,50,0%,9,Law,,,
scummy.realty,available,50,1%,6,Humanities,,,
aborticide.realty,available,50,0%,10,Medicine,,,
trine.realty,available,50,11%,5,"General,Religion",,,
abducting.realty,available,50,0%,9,Medicine,,,
gillless.realty,available,50,0%,9,Science,,,
abbatial.realty,available,50,0%,8,Religion,,,
acaudal.realty,available,50,1%,7,"Agriculture,Science",,,
acetous.realty,available,50,1%,7,Science,,,
quint.realty,available,50,13%,5,"Arts,Entertainment",,,
acapnotic.realty,available,50,0%,9,"Healthcare,Medicine,Science",,,
adactylous.realty,available,50,0%,10,Science,,,
abomasal.realty,available,50,0%,8,Agriculture,,,
needlelike.realty,available,50,0%,10,"Engineering,Medicine,Science",,,
abactinal.realty,available,50,0%,9,Science,,,
acellular.realty,available,50,1%,9,Science,,,
lxx.realty,available,50,5%,3,Mathematics,,,
adhominem.realty,available,50,2%,10,"Humanities,Law,Politics",,,
aculeated.realty,available,50,0%,9,"Engineering,Medicine,Science",,,
ogdoad.realty,available,50,1%,6,Mathematics,,,
broached.realty,available,50,0%,8,Food and Beverage,,,
acerbic.realty,available,50,2%,7,"Arts,Humanities,Media",,,
acquitted.realty,available,50,1%,9,Law,,,
acetose.realty,available,50,1%,7,Science,,,
acapnic.realty,available,50,0%,7,"Healthcare,Medicine,Science",,,
triplet.realty,available,50,8%,7,Science,,,
acerose.realty,available,50,1%,7,Science,,,
acerb.realty,available,50,2%,5,Science,,,
spinous.realty,available,50,1%,7,"Agriculture,Science",,,
abranchial.realty,available,50,0%,10,Science,,,
cinque.realty,available,50,7%,6,Mathematics,,,
vinegary.realty,available,50,1%,8,Food and Beverage,,,
abyssal.realty,available,48,12%,7,"Arts,Entertainment,Media",,,
ilxxx.realty,available,48,1%,5,Mathematics,,,
execrable.realty,available,48,0%,9,"Entertainment,Humanities",,,
ilxx.realty,available,48,1%,4,Mathematics,,,
lxxxviii.realty,available,48,1%,8,Mathematics,,,
notguilty.realty,available,48,5%,10,Law,,,
apriori.realty,available,48,13%,8,Mathematics,,,
abstracted.realty,available,48,5%,10,"Arts,Humanities,Science",,,
cotyloid.realty,available,46,1%,8,Science,,,
acanthous.realty,available,46,0%,9,"Agriculture,Science",,,
stemless.realty,available,46,2%,8,"Agriculture,Science",,,
achenial.realty,available,46,1%,8,Science,,,
quaternary.realty,available,46,3%,10,Mathematics,,,
acetylenic.realty,available,46,1%,10,Science,,,
acanthotic.realty,available,46,0%,10,"Agriculture,Science",,,
acanthoid.realty,available,46,1%,9,"Agriculture,Science",,,
achromic.realty,available,46,2%,8,Science,,,
acarpous.realty,available,46,0%,8,"Agriculture,Science",,,
acephalous.realty,available,46,1%,10,Science,,,
acetonic.realty,available,46,1%,8,Science,,,
acetabular.realty,available,46,1%,10,Science,,,
theabsurd.realty,available,46,1%,10,"Arts,Entertainment,Media",,,
acarpelous.realty,available,46,0%,10,"Agriculture,Science",,,
stripling.realty,available,46,2%,9,"Education,Entertainment,Healthcare",,,
acaudate.realty,available,46,1%,8,"Agriculture,Science",,,
acicular.realty,available,46,2%,8,Science,,,
vinegarish.realty,available,46,1%,10,Food and Beverage,,,
achromous.realty,available,46,1%,9,Science,,,
acapnial.realty,available,46,0%,8,"Healthcare,Medicine,Science",,,
acheronian.realty,available,46,1%,10,Humanities,,,
acetylic.realty,available,46,1%,8,Science,,,
cotyloidal.realty,available,44,1%,10,Science,,,
acherontic.realty,available,44,1%,10,Humanities,,,
accusatory.realty,available,44,1%,10,Law,,,
phoebe.realty,available,41,14%,6,Science,,,
abscessed.realty,available,41,0%,9,Healthcare,,,
accusive.realty,available,40,1%,8,Law,,,
scurrilous.realty,available,40,1%,10,"Entertainment,Media,Politics",,,
accurst.realty,available,40,1%,7,Religion,,,